{
  "mean": [
    264.4617614746094,
    9.914876937866211,
    170.0822296142578,
    1.1061499118804932,
    8.614099502563477,
    6.913232803344727,
    85.0184097290039,
    5.735663890838623
  ],
  "std": [
    49.23279571533203,
    2.855881690979004,
    17.444435119628906,
    0.23022185266017914,
    3.7532575130462646,
    2.8452553749084473,
    8.648900032043457,
    1.3034230470657349
  ]
}