{
  "mean": [
    266.285888671875,
    10.064737319946289,
    169.9730682373047,
    1.0977262258529663,
    7.039761066436768,
    62.72766876220703,
    1.26090669631958
  ],
  "std": [
    48.865047454833984,
    2.8952999114990234,
    17.09620475769043,
    0.23194901645183563,
    2.863369941711426,
    32.933773040771484,
    0.42871567606925964
  ]
}