{
  "mean": [
    55.22825622558594,
    5.756611347198486,
    4.473422527313232,
    16.538015365600586,
    59.915855407714844,
    59.81401824951172
  ],
  "std": [
    25.9522647857666,
    1.304434061050415,
    1.444251298904419,
    7.75137996673584,
    11.690401077270508,
    23.217378616333008
  ]
}